id,username,email,created_at
1,quietyard03,quietyard03@acme.dev,2025-05-28 00:26:33
2,briskmeadow47,briskmeadow47@opswise.net,2024-01-30 03:24:01
3,navykernel48,navykernel48@hackstack.io,2024-10-22 21:20:53
4,harbordelta42,harbordelta42@seeded.app,2024-08-01 07:52:58
5,ivorywindow43,ivorywindow43@hackstack.io,2025-04-26 04:46:44
6,forestwindow50,forestwindow50@opswise.net,2024-12-11 22:16:15
7,clearriver72,clearriver72@hackstack.io,2025-07-28 13:09:27
8,amberjourney18,amberjourney18@hackstack.io,2025-04-14 12:59:39
9,livelyyard79,livelyyard79@opswise.net,2025-07-04 04:51:04
10,navyfield78,navyfield78@acme.dev,2025-09-08 19:31:07
11,tidyisland68,tidyisland68@example.com,2024-11-27 21:31:08
12,harbornetwork66,harbornetwork66@relay.cloud,2024-06-04 16:28:54
13,younglagoon69,younglagoon69@opswise.net,2025-05-10 13:47:55
14,urbanyard37,urbanyard37@opswise.net,2025-10-03 16:31:12
15,clearbeacon59,clearbeacon59@seeded.app,2024-06-25 22:32:02
16,silveryard48,silveryard48@relay.cloud,2025-06-25 04:50:28
17,navyvalley58,navyvalley58@relay.cloud,2024-10-31 05:59:03
18,ivoryzenith11,ivoryzenith11@example.com,2025-07-12 04:26:57
19,tidyfield45,tidyfield45@opswise.net,2024-08-25 15:47:46
20,youngnetwork95,youngnetwork95@hackstack.io,2024-07-06 16:23:11
21,jadepioneer47,jadepioneer47@relay.cloud,2024-12-24 16:47:51
22,calmzenith83,calmzenith83@opswise.net,2024-11-03 09:54:27
23,cobaltquartz15,cobaltquartz15@hackstack.io,2024-11-11 01:34:48
24,harborgarden12,harborgarden12@seeded.app,2025-04-26 07:55:28
25,vividengine67,vividengine67@opswise.net,2024-07-29 11:52:43
26,vividbeacon47,vividbeacon47@acme.dev,2025-06-17 12:03:34
27,rapidpioneer02,rapidpioneer02@opswise.net,2025-06-16 21:56:15
28,forestmeadow56,forestmeadow56@hackstack.io,2025-12-21 00:24:02
29,urbanengine13,urbanengine13@opswise.net,2025-03-04 22:25:27
30,goldanchor63,goldanchor63@seeded.app,2024-05-24 13:22:40
31,ambernetwork78,ambernetwork78@acme.dev,2025-01-20 09:36:59
32,harboruplink61,harboruplink61@hackstack.io,2024-07-30 14:03:55
33,ivorygarden73,ivorygarden73@example.com,2025-07-07 13:09:16
34,tidycanyon39,tidycanyon39@opswise.net,2025-07-03 23:11:37
35,keenanchor74,keenanchor74@acme.dev,2025-07-29 20:50:14
36,keenisland76,keenisland76@example.com,2024-03-20 12:06:19
37,silverquartz93,silverquartz93@acme.dev,2024-06-18 05:37:36
38,harborvalley31,harborvalley31@seeded.app,2026-01-24 03:09:36
39,calmnetwork53,calmnetwork53@opswise.net,2024-12-06 04:24:56
40,keenjourney40,keenjourney40@seeded.app,2024-08-09 07:43:49
41,forestisland29,forestisland29@relay.cloud,2024-04-26 22:25:11
42,tidybeacon19,tidybeacon19@relay.cloud,2025-11-06 08:34:18
43,cobaltharvest79,cobaltharvest79@seeded.app,2025-05-30 10:01:23
44,warmdelta34,warmdelta34@hackstack.io,2025-03-26 15:14:41
45,cobaltorbit12,cobaltorbit12@opswise.net,2025-04-26 11:55:20
46,jademeadow59,jademeadow59@example.com,2024-09-30 20:49:25
47,opalquartz98,opalquartz98@acme.dev,2025-06-29 10:15:37
48,jadenetwork39,jadenetwork39@example.com,2026-01-26 03:38:46
49,amberlagoon95,amberlagoon95@example.com,2025-12-22 02:16:10
50,goldanchor88,goldanchor88@relay.cloud,2025-06-01 23:27:19
51,younggarden21,younggarden21@hackstack.io,2025-05-07 04:23:12
52,dawnfield09,dawnfield09@acme.dev,2024-10-25 04:38:48
53,youngharvest34,youngharvest34@opswise.net,2024-03-15 06:09:10
54,livelyanchor47,livelyanchor47@seeded.app,2025-06-09 04:20:18
55,forestbeacon60,forestbeacon60@hackstack.io,2024-11-28 08:04:07
56,quiettrail11,quiettrail11@relay.cloud,2025-02-09 23:41:56
57,briskharvest32,briskharvest32@opswise.net,2024-05-08 02:28:14
58,silverjourney32,silverjourney32@opswise.net,2025-12-24 04:18:46
59,forestgarden50,forestgarden50@seeded.app,2024-04-12 07:23:16
60,embertrail56,embertrail56@hackstack.io,2024-06-11 01:55:34
61,calmgarden28,calmgarden28@acme.dev,2024-12-17 07:09:34
62,opalyard94,opalyard94@acme.dev,2024-05-10 06:52:57
63,rapidnetwork27,rapidnetwork27@hackstack.io,2024-04-17 22:37:48
64,mellowsignal84,mellowsignal84@relay.cloud,2025-06-28 08:21:40
65,clearkernel12,clearkernel12@hackstack.io,2025-09-04 22:41:16
66,clearwindow04,clearwindow04@hackstack.io,2026-01-10 14:16:45
67,livelyjourney27,livelyjourney27@seeded.app,2025-12-07 02:27:15
68,calmwindow35,calmwindow35@hackstack.io,2024-01-02 11:02:37
69,keenriver88,keenriver88@opswise.net,2024-06-13 11:03:58
70,rapidkernel95,rapidkernel95@opswise.net,2024-01-14 06:25:26
71,cobaltuplink03,cobaltuplink03@acme.dev,2024-08-12 20:16:44
72,jadecanyon38,jadecanyon38@seeded.app,2025-10-20 18:52:38
73,quietengine87,quietengine87@opswise.net,2024-07-14 16:31:50
74,opalpioneer65,opalpioneer65@acme.dev,2024-09-22 06:06:20
75,navyharvest01,navyharvest01@example.com,2024-10-16 20:42:42
76,dawndelta98,dawndelta98@relay.cloud,2026-01-19 01:40:49
77,cobaltnetwork40,cobaltnetwork40@relay.cloud,2024-12-02 01:58:22
78,vividyard59,vividyard59@relay.cloud,2024-08-17 19:43:42
79,vividengine31,vividengine31@seeded.app,2025-08-27 22:19:54
80,ivorycanyon66,ivorycanyon66@opswise.net,2024-07-23 03:12:20
81,mellowuplink78,mellowuplink78@hackstack.io,2024-02-11 20:03:00
82,rapidwindow68,rapidwindow68@relay.cloud,2024-06-08 19:03:44
83,harbordelta16,harbordelta16@hackstack.io,2025-05-31 13:21:32
84,tidybeacon04,tidybeacon04@acme.dev,2025-12-27 10:37:20
85,emberjourney79,emberjourney79@acme.dev,2025-07-15 03:41:32
86,livelyorbit51,livelyorbit51@example.com,2025-03-27 17:30:26
87,jadequartz44,jadequartz44@relay.cloud,2026-01-08 16:47:02
88,warmdelta20,warmdelta20@hackstack.io,2025-10-12 22:11:22
89,keenmeadow00,keenmeadow00@opswise.net,2024-07-11 03:19:36
90,urbangarden48,urbangarden48@seeded.app,2025-04-10 05:26:54
91,embervalley55,embervalley55@acme.dev,2024-10-08 21:19:48
92,proudsignal83,proudsignal83@opswise.net,2024-06-17 15:02:33
93,embertrail58,embertrail58@acme.dev,2025-10-16 23:48:32
94,warmlagoon45,warmlagoon45@opswise.net,2025-01-24 11:48:31
95,calmkernel65,calmkernel65@example.com,2025-09-19 00:29:52
96,clearnetwork88,clearnetwork88@opswise.net,2024-06-23 07:13:16
97,cobaltnetwork32,cobaltnetwork32@opswise.net,2024-02-27 03:27:16
98,mellowgarden16,mellowgarden16@acme.dev,2024-01-08 02:47:45
99,ambergarden49,ambergarden49@acme.dev,2025-03-28 05:25:52
100,proudwindow85,proudwindow85@example.com,2024-03-22 06:54:18
101,urbanjourney30,urbanjourney30@acme.dev,2024-04-25 02:00:14
102,ivoryriver53,ivoryriver53@hackstack.io,2025-02-12 20:47:40
103,forestharvest30,forestharvest30@seeded.app,2024-07-26 12:59:24
104,jadepioneer41,jadepioneer41@relay.cloud,2024-07-04 22:50:30
105,forestorbit22,forestorbit22@example.com,2024-01-29 09:47:51
106,silverorbit15,silverorbit15@hackstack.io,2025-08-27 06:46:59
107,goldmeadow70,goldmeadow70@seeded.app,2026-01-14 18:30:41
108,younguplink58,younguplink58@hackstack.io,2025-04-17 03:51:28
109,rapidharvest08,rapidharvest08@relay.cloud,2024-03-02 09:12:51
110,emberorbit49,emberorbit49@relay.cloud,2024-07-04 18:23:15
111,urbangarden38,urbangarden38@seeded.app,2025-01-16 11:04:51
112,mellowkernel73,mellowkernel73@relay.cloud,2025-11-28 10:09:33
113,proudzenith23,proudzenith23@acme.dev,2024-05-25 18:52:32
114,tidybeacon05,tidybeacon05@acme.dev,2025-07-25 10:33:24
115,proudmeadow28,proudmeadow28@example.com,2024-03-10 23:27:03
116,goldfield95,goldfield95@opswise.net,2025-07-18 16:44:58
117,jadetrail26,jadetrail26@example.com,2024-04-23 10:39:35
118,harborbeacon08,harborbeacon08@seeded.app,2025-01-07 10:09:41
119,keenfield11,keenfield11@opswise.net,2024-05-08 05:57:08
120,forestorbit62,forestorbit62@example.com,2025-08-24 03:55:59
121,ivorydelta82,ivorydelta82@relay.cloud,2024-02-24 09:48:11
122,urbanisland79,urbanisland79@hackstack.io,2025-08-24 02:17:30
123,silverjourney26,silverjourney26@example.com,2025-05-01 00:44:07
124,calmharvest20,calmharvest20@relay.cloud,2024-01-17 16:28:09
125,rapidorbit46,rapidorbit46@relay.cloud,2026-01-30 19:16:32
126,briskcanyon89,briskcanyon89@acme.dev,2025-06-17 17:00:03
127,ivoryyard31,ivoryyard31@hackstack.io,2024-01-05 02:20:23
128,harbortrail91,harbortrail91@acme.dev,2024-11-06 12:08:24
129,jadejourney65,jadejourney65@opswise.net,2024-11-06 18:52:47
130,briskbeacon50,briskbeacon50@relay.cloud,2025-04-16 15:01:35
131,forestorbit70,forestorbit70@seeded.app,2025-02-01 00:35:58
132,livelyzenith13,livelyzenith13@example.com,2024-03-18 13:56:21
133,mellowengine78,mellowengine78@hackstack.io,2025-03-26 18:46:18
134,dawntrail49,dawntrail49@hackstack.io,2025-02-02 18:12:11
135,dawntrail65,dawntrail65@hackstack.io,2024-10-01 00:31:26
136,dawnfield20,dawnfield20@example.com,2024-04-23 05:27:36
137,silverkernel33,silverkernel33@relay.cloud,2024-06-20 18:09:22
138,ivorylagoon35,ivorylagoon35@seeded.app,2024-05-04 19:22:53
139,quietlagoon57,quietlagoon57@acme.dev,2024-06-22 10:42:58
140,cobalttrail96,cobalttrail96@example.com,2024-05-08 15:26:46
141,cobaltwindow67,cobaltwindow67@relay.cloud,2024-04-05 07:04:58
142,livelyuplink95,livelyuplink95@example.com,2024-02-06 01:25:37
143,younglagoon82,younglagoon82@seeded.app,2024-04-09 10:56:38
144,jademeadow81,jademeadow81@hackstack.io,2025-05-26 17:37:05
145,clearyard42,clearyard42@example.com,2025-02-19 01:46:40
146,silverbeacon27,silverbeacon27@example.com,2025-02-12 13:01:35
147,briskmeadow64,briskmeadow64@relay.cloud,2024-01-18 04:06:12
148,warmriver92,warmriver92@acme.dev,2025-10-14 16:02:49
149,cobaltyard35,cobaltyard35@acme.dev,2024-10-04 11:12:37
150,embervalley93,embervalley93@hackstack.io,2025-03-19 00:07:41
151,youngriver87,youngriver87@acme.dev,2024-08-03 09:27:37
152,quietkernel87,quietkernel87@seeded.app,2025-06-29 15:54:50
153,proudgarden01,proudgarden01@example.com,2024-12-01 01:52:16
154,amberlagoon54,amberlagoon54@example.com,2024-01-27 21:14:25
155,prouddelta54,prouddelta54@acme.dev,2025-08-05 13:46:56
156,quiettrail92,quiettrail92@relay.cloud,2025-08-25 10:48:11
157,ivorykernel63,ivorykernel63@hackstack.io,2025-02-19 17:05:06
158,jadezenith08,jadezenith08@acme.dev,2024-10-29 01:48:48
159,amberdelta05,amberdelta05@example.com,2025-02-01 21:43:34
160,golduplink16,golduplink16@opswise.net,2025-02-05 18:26:11
161,calmharvest14,calmharvest14@seeded.app,2025-08-05 11:58:30
162,dawnwindow12,dawnwindow12@seeded.app,2024-04-01 00:27:35
163,livelygarden58,livelygarden58@opswise.net,2024-04-14 22:08:16
164,vividlagoon12,vividlagoon12@opswise.net,2025-09-12 04:09:33
165,clearisland18,clearisland18@acme.dev,2024-08-22 07:50:44
166,briskquartz84,briskquartz84@acme.dev,2025-12-15 06:18:57
167,mellowmeadow16,mellowmeadow16@seeded.app,2025-11-16 14:56:43
168,briskorbit37,briskorbit37@seeded.app,2025-09-13 12:24:55
169,vividgarden73,vividgarden73@seeded.app,2024-06-11 06:44:27
170,harboranchor99,harboranchor99@acme.dev,2025-07-09 15:29:54
171,jadevalley26,jadevalley26@acme.dev,2025-08-22 15:16:07
172,cobaltharvest46,cobaltharvest46@hackstack.io,2025-07-01 05:35:26
173,calmsignal17,calmsignal17@relay.cloud,2026-01-27 13:30:21
174,golduplink53,golduplink53@hackstack.io,2025-04-05 23:12:46
175,emberisland72,emberisland72@relay.cloud,2024-05-03 14:07:34
176,mellowanchor94,mellowanchor94@relay.cloud,2026-01-27 12:31:01
177,ivorypioneer28,ivorypioneer28@opswise.net,2024-11-21 16:50:11
178,navypioneer57,navypioneer57@relay.cloud,2024-07-18 07:40:04
179,briskuplink30,briskuplink30@seeded.app,2025-07-27 15:52:16
180,navyisland39,navyisland39@example.com,2025-01-20 22:20:26
181,goldanchor01,goldanchor01@seeded.app,2026-01-18 09:20:30
182,golddelta23,golddelta23@hackstack.io,2025-08-14 12:11:33
183,mellowlagoon30,mellowlagoon30@seeded.app,2024-09-26 00:31:50
184,silvertrail43,silvertrail43@acme.dev,2025-11-22 23:16:26
185,rapidsignal28,rapidsignal28@acme.dev,2025-05-25 23:36:16
186,clearpioneer41,clearpioneer41@seeded.app,2025-08-09 20:34:14
187,livelyjourney34,livelyjourney34@seeded.app,2025-07-05 06:30:20
188,cobalttrail04,cobalttrail04@relay.cloud,2025-11-27 19:02:06
189,clearzenith14,clearzenith14@example.com,2024-05-18 17:47:41
190,cobaltgarden48,cobaltgarden48@opswise.net,2024-09-24 03:12:04
191,younglagoon79,younglagoon79@example.com,2025-05-14 10:12:45
192,livelyisland90,livelyisland90@example.com,2025-01-29 17:24:55
193,quietfield42,quietfield42@relay.cloud,2025-01-09 12:40:40
194,jadecanyon82,jadecanyon82@seeded.app,2024-03-22 21:51:43
195,briskharvest56,briskharvest56@opswise.net,2024-06-08 17:50:02
196,mellowengine60,mellowengine60@hackstack.io,2024-01-03 05:31:21
197,silverisland69,silverisland69@example.com,2025-08-26 19:34:41
198,prouduplink73,prouduplink73@relay.cloud,2026-01-05 02:17:44
199,warmgarden43,warmgarden43@hackstack.io,2025-08-18 03:36:54
200,jadepioneer38,jadepioneer38@relay.cloud,2024-04-13 02:26:22
201,tidypioneer18,tidypioneer18@seeded.app,2025-06-30 01:16:54
202,keenengine58,keenengine58@example.com,2025-12-11 14:24:38
203,ivoryharvest85,ivoryharvest85@hackstack.io,2026-01-31 02:00:18
204,opalquartz40,opalquartz40@acme.dev,2025-04-30 17:12:32
205,dawnorbit78,dawnorbit78@relay.cloud,2025-11-24 07:53:16
206,forestdelta17,forestdelta17@hackstack.io,2025-02-19 13:31:57
207,keennetwork93,keennetwork93@relay.cloud,2024-09-22 15:39:08
208,dawncanyon94,dawncanyon94@relay.cloud,2024-11-07 00:10:02
209,livelyuplink02,livelyuplink02@acme.dev,2025-05-02 17:04:31
210,proudquartz57,proudquartz57@hackstack.io,2025-11-24 06:16:17
211,briskorbit84,briskorbit84@acme.dev,2025-12-17 06:27:28
212,ambersignal76,ambersignal76@relay.cloud,2026-01-22 21:11:57
213,dawnquartz90,dawnquartz90@seeded.app,2025-02-17 03:40:01
214,briskvalley96,briskvalley96@opswise.net,2026-01-06 13:50:39
215,dawnengine22,dawnengine22@hackstack.io,2025-11-03 00:33:30
216,youngnetwork18,youngnetwork18@relay.cloud,2024-09-16 15:48:08
217,quietuplink57,quietuplink57@acme.dev,2025-08-13 06:16:47
218,navyisland95,navyisland95@relay.cloud,2024-01-21 22:36:17
219,goldharvest31,goldharvest31@opswise.net,2025-02-13 04:45:35
220,goldnetwork13,goldnetwork13@opswise.net,2024-08-25 10:11:23
221,goldpioneer80,goldpioneer80@relay.cloud,2024-01-12 10:08:30
222,goldnetwork53,goldnetwork53@seeded.app,2024-07-26 17:25:11
223,warmtrail90,warmtrail90@hackstack.io,2024-04-20 13:54:38
224,vividtrail76,vividtrail76@opswise.net,2025-08-05 08:48:49
225,ambervalley46,ambervalley46@seeded.app,2025-08-11 19:13:46
226,harborzenith56,harborzenith56@example.com,2025-10-27 12:26:59
227,livelybeacon50,livelybeacon50@relay.cloud,2024-09-09 23:17:17
228,younguplink24,younguplink24@hackstack.io,2026-01-12 12:39:42
229,tidyvalley51,tidyvalley51@relay.cloud,2024-11-12 03:24:06
230,calmkernel91,calmkernel91@opswise.net,2025-06-23 14:12:04
231,livelyzenith77,livelyzenith77@hackstack.io,2025-03-03 02:42:12
232,forestanchor11,forestanchor11@relay.cloud,2024-01-04 23:52:06
233,quietengine13,quietengine13@seeded.app,2026-01-06 23:47:47
234,rapidpioneer57,rapidpioneer57@example.com,2026-01-29 08:24:16
235,jadeisland27,jadeisland27@opswise.net,2025-03-16 02:29:05
236,ivorylagoon85,ivorylagoon85@hackstack.io,2024-05-07 08:09:36
237,urbanfield13,urbanfield13@opswise.net,2025-06-25 12:35:14
238,keenyard12,keenyard12@hackstack.io,2024-05-04 15:50:39
239,navywindow35,navywindow35@seeded.app,2024-04-06 05:35:16
240,keenlagoon26,keenlagoon26@relay.cloud,2025-10-25 12:11:30
241,harboruplink58,harboruplink58@hackstack.io,2025-05-28 04:02:28
242,youngdelta28,youngdelta28@acme.dev,2025-03-05 22:11:38
243,goldisland69,goldisland69@relay.cloud,2025-05-18 08:20:08
244,goldgarden02,goldgarden02@hackstack.io,2025-05-10 10:49:59
245,vividengine39,vividengine39@example.com,2025-08-03 20:31:22
246,navyzenith99,navyzenith99@example.com,2025-05-16 23:41:58
247,vividpioneer10,vividpioneer10@hackstack.io,2025-12-28 23:01:27
248,goldcanyon07,goldcanyon07@example.com,2025-11-09 17:36:32
249,navyuplink36,navyuplink36@seeded.app,2025-11-11 02:17:08
250,urbanuplink01,urbanuplink01@acme.dev,2025-01-11 00:51:09
251,navypioneer80,navypioneer80@example.com,2025-04-29 13:40:52
252,ambercanyon00,ambercanyon00@acme.dev,2024-01-13 04:58:34
253,keenuplink33,keenuplink33@relay.cloud,2024-03-28 19:26:24
254,ambernetwork98,ambernetwork98@acme.dev,2024-12-27 22:50:07
255,livelybeacon49,livelybeacon49@example.com,2024-07-09 21:15:03
256,emberanchor58,emberanchor58@example.com,2024-11-20 04:07:18
257,forestdelta94,forestdelta94@relay.cloud,2025-10-05 17:02:24
258,navytrail64,navytrail64@opswise.net,2024-02-13 16:16:35
259,dawngarden03,dawngarden03@relay.cloud,2025-09-08 10:28:34
260,clearkernel67,clearkernel67@opswise.net,2024-03-15 04:40:53
261,ivorygarden17,ivorygarden17@hackstack.io,2025-01-19 11:05:46
262,keengarden44,keengarden44@opswise.net,2025-10-21 16:16:57
263,urbannetwork33,urbannetwork33@seeded.app,2025-08-30 18:13:24
264,forestkernel63,forestkernel63@seeded.app,2024-09-24 10:10:00
265,harborfield55,harborfield55@hackstack.io,2024-11-15 04:30:33
266,forestcanyon25,forestcanyon25@hackstack.io,2025-11-08 15:09:59
267,emberuplink77,emberuplink77@seeded.app,2024-07-10 22:11:34
268,tidyisland59,tidyisland59@example.com,2025-03-17 03:57:32
269,goldvalley70,goldvalley70@example.com,2025-04-06 15:30:23
270,opalengine92,opalengine92@hackstack.io,2024-03-14 02:23:12
271,clearuplink76,clearuplink76@example.com,2025-09-19 17:56:47
272,briskyard88,briskyard88@example.com,2026-01-04 15:13:36
273,dawnnetwork58,dawnnetwork58@hackstack.io,2025-03-24 08:49:52
274,forestengine80,forestengine80@hackstack.io,2025-05-06 21:57:39
275,clearpioneer57,clearpioneer57@hackstack.io,2025-06-21 05:33:13
276,livelyquartz26,livelyquartz26@seeded.app,2024-01-30 03:42:07
277,goldwindow26,goldwindow26@hackstack.io,2025-06-25 22:13:19
278,mellowanchor12,mellowanchor12@relay.cloud,2024-04-28 12:17:31
279,navyquartz95,navyquartz95@relay.cloud,2024-08-21 13:47:44
280,urbanorbit19,urbanorbit19@example.com,2025-09-10 21:42:04
281,urbansignal57,urbansignal57@seeded.app,2024-12-17 14:18:43
282,tidybeacon91,tidybeacon91@relay.cloud,2024-03-17 00:12:48
283,forestvalley67,forestvalley67@seeded.app,2024-06-21 14:52:23
284,keenanchor67,keenanchor67@acme.dev,2024-11-02 01:34:21
285,cobaltzenith76,cobaltzenith76@hackstack.io,2024-03-06 01:23:42
286,clearfield29,clearfield29@example.com,2025-05-20 13:07:05
287,cobaltisland43,cobaltisland43@acme.dev,2024-07-14 03:09:09
288,silverpioneer33,silverpioneer33@opswise.net,2024-04-04 20:43:23
289,brisktrail31,brisktrail31@example.com,2024-03-09 08:05:40
290,calmfield05,calmfield05@seeded.app,2025-03-20 23:49:57
291,silverisland03,silverisland03@hackstack.io,2025-06-08 18:36:04
292,harbornetwork16,harbornetwork16@acme.dev,2025-10-31 14:46:19
293,navyharvest90,navyharvest90@hackstack.io,2025-02-09 02:47:38
294,warmcanyon39,warmcanyon39@hackstack.io,2025-03-05 00:42:30
295,goldcanyon74,goldcanyon74@seeded.app,2025-10-19 14:24:56
296,silverfield32,silverfield32@opswise.net,2024-02-22 06:22:50
297,mellowyard08,mellowyard08@relay.cloud,2025-04-26 07:13:13
298,tidybeacon64,tidybeacon64@example.com,2025-07-07 08:36:10
299,livelysignal52,livelysignal52@example.com,2024-03-06 13:46:29
300,forestcanyon71,forestcanyon71@acme.dev,2025-04-15 00:32:45
301,keenbeacon60,keenbeacon60@acme.dev,2025-06-21 08:15:59
302,emberlagoon02,emberlagoon02@seeded.app,2024-12-27 15:33:09
303,quietorbit81,quietorbit81@example.com,2024-05-07 16:07:13
304,youngriver29,youngriver29@hackstack.io,2025-02-09 13:54:03
305,dawnorbit30,dawnorbit30@hackstack.io,2024-10-04 08:49:43
306,youngbeacon96,youngbeacon96@opswise.net,2025-06-24 13:57:11
307,silveranchor08,silveranchor08@relay.cloud,2024-04-09 12:46:37
308,goldanchor50,goldanchor50@opswise.net,2025-03-26 16:41:27
309,quietyard77,quietyard77@acme.dev,2025-02-02 04:18:20
310,navyanchor42,navyanchor42@example.com,2025-02-09 13:40:42
311,urbanjourney69,urbanjourney69@opswise.net,2025-10-12 03:51:47
312,rapidriver33,rapidriver33@opswise.net,2024-11-05 15:20:01
313,harborgarden98,harborgarden98@opswise.net,2024-05-01 07:49:53
314,ambermeadow17,ambermeadow17@hackstack.io,2024-05-11 13:12:43
315,livelyharvest70,livelyharvest70@hackstack.io,2025-02-17 00:05:49
316,quietlagoon98,quietlagoon98@opswise.net,2025-01-16 01:34:05
317,amberpioneer59,amberpioneer59@relay.cloud,2024-06-26 18:24:42
318,prouddelta74,prouddelta74@seeded.app,2024-07-28 19:08:07
319,harborengine23,harborengine23@relay.cloud,2025-10-17 07:14:47
320,opaljourney44,opaljourney44@example.com,2025-08-15 00:44:37
321,amberuplink18,amberuplink18@acme.dev,2024-09-17 02:22:53
322,jadepioneer19,jadepioneer19@example.com,2025-09-29 11:20:29
323,tidyzenith48,tidyzenith48@example.com,2024-09-29 07:17:32
324,mellowvalley72,mellowvalley72@example.com,2024-05-25 10:30:56
325,forestzenith98,forestzenith98@acme.dev,2025-06-27 13:40:00
326,emberuplink94,emberuplink94@relay.cloud,2025-06-24 15:30:44
327,rapidharvest72,rapidharvest72@example.com,2025-03-29 07:30:03
328,youngfield43,youngfield43@relay.cloud,2024-10-29 10:32:12
329,embersignal55,embersignal55@example.com,2025-08-19 21:38:12
330,rapidlagoon00,rapidlagoon00@opswise.net,2024-01-24 07:17:34
331,goldlagoon04,goldlagoon04@hackstack.io,2025-09-12 04:41:47
332,warmengine07,warmengine07@example.com,2025-02-10 12:36:41
333,quietcanyon11,quietcanyon11@hackstack.io,2025-04-09 12:58:46
334,tidyisland56,tidyisland56@acme.dev,2024-04-18 13:19:28
335,proudzenith64,proudzenith64@hackstack.io,2025-10-06 12:24:46
336,ivorynetwork65,ivorynetwork65@opswise.net,2024-01-11 17:20:26
337,goldisland29,goldisland29@acme.dev,2024-10-16 05:48:27
338,opaldelta41,opaldelta41@opswise.net,2024-02-04 04:45:52
339,dawnuplink32,dawnuplink32@example.com,2025-08-04 01:17:55
340,cobaltkernel87,cobaltkernel87@opswise.net,2024-03-19 10:58:35
341,amberquartz85,amberquartz85@opswise.net,2024-02-19 22:06:54
342,goldyard76,goldyard76@opswise.net,2024-01-31 22:04:06
343,ivoryengine05,ivoryengine05@seeded.app,2024-08-19 07:46:01
344,vividharvest20,vividharvest20@hackstack.io,2025-08-05 08:07:28
345,warmbeacon01,warmbeacon01@hackstack.io,2024-06-07 13:50:48
346,urbanyard05,urbanyard05@example.com,2024-07-24 11:00:51
347,emberquartz76,emberquartz76@hackstack.io,2024-01-11 04:50:55
348,cobaltkernel92,cobaltkernel92@relay.cloud,2025-06-27 05:01:26
349,ivoryzenith12,ivoryzenith12@relay.cloud,2024-11-11 06:38:58
350,proudsignal02,proudsignal02@seeded.app,2025-06-14 14:27:36
351,clearyard61,clearyard61@acme.dev,2024-06-05 13:53:34
352,brisklagoon29,brisklagoon29@opswise.net,2024-10-09 13:53:51
353,proudbeacon56,proudbeacon56@seeded.app,2024-09-22 19:29:31
354,keenisland18,keenisland18@example.com,2024-09-17 03:03:02
355,ivoryanchor58,ivoryanchor58@example.com,2025-05-18 06:41:39
356,mellowquartz08,mellowquartz08@opswise.net,2025-02-27 09:13:41
357,livelycanyon67,livelycanyon67@opswise.net,2025-06-14 14:47:29
358,jadequartz78,jadequartz78@example.com,2025-08-04 16:26:43
359,ivorysignal87,ivorysignal87@seeded.app,2026-01-24 23:13:01
360,youngkernel19,youngkernel19@relay.cloud,2024-10-19 17:35:20
361,livelyengine61,livelyengine61@example.com,2025-08-07 00:59:53
362,silverwindow88,silverwindow88@example.com,2024-11-04 08:33:23
363,goldbeacon57,goldbeacon57@seeded.app,2026-01-12 19:59:32
364,cobaltuplink68,cobaltuplink68@seeded.app,2025-10-03 23:55:05
365,tidybeacon62,tidybeacon62@opswise.net,2025-10-22 13:44:50
366,silverorbit25,silverorbit25@seeded.app,2024-09-08 19:48:50
367,emberkernel43,emberkernel43@opswise.net,2025-06-02 20:14:21
368,harbororbit16,harbororbit16@hackstack.io,2025-09-29 08:00:36
369,warmuplink55,warmuplink55@example.com,2024-01-23 13:28:35
370,youngnetwork66,youngnetwork66@relay.cloud,2025-10-01 12:12:51
371,quietfield55,quietfield55@opswise.net,2024-10-02 05:58:21
372,emberquartz03,emberquartz03@acme.dev,2024-07-26 19:24:23
373,youngfield56,youngfield56@opswise.net,2024-09-18 01:56:18
374,navyharvest79,navyharvest79@seeded.app,2025-06-16 20:17:37
375,tidypioneer71,tidypioneer71@example.com,2025-08-21 21:10:32
376,embermeadow18,embermeadow18@example.com,2024-07-08 12:50:13
377,youngisland55,youngisland55@relay.cloud,2025-02-13 21:20:33
378,amberfield48,amberfield48@opswise.net,2024-05-02 14:43:42
379,goldvalley91,goldvalley91@relay.cloud,2025-07-19 17:51:13
380,youngpioneer00,youngpioneer00@example.com,2024-01-21 11:51:41
381,cobaltuplink29,cobaltuplink29@relay.cloud,2025-03-06 05:50:42
382,keenuplink73,keenuplink73@opswise.net,2024-02-24 05:44:29
383,ambertrail41,ambertrail41@relay.cloud,2025-11-22 23:39:54
384,navynetwork86,navynetwork86@seeded.app,2025-12-21 18:25:37
385,keenyard88,keenyard88@opswise.net,2024-09-21 18:19:33
386,navymeadow10,navymeadow10@acme.dev,2025-12-03 18:59:05
387,vividyard90,vividyard90@hackstack.io,2024-04-30 01:50:13
388,briskcanyon81,briskcanyon81@example.com,2025-07-04 15:27:09
389,amberpioneer27,amberpioneer27@relay.cloud,2025-01-01 21:33:59
390,quietuplink22,quietuplink22@acme.dev,2025-06-16 16:44:52
391,younguplink48,younguplink48@hackstack.io,2025-06-29 14:58:57
392,navysignal17,navysignal17@relay.cloud,2025-01-29 20:22:47
393,vividharvest09,vividharvest09@example.com,2025-04-23 07:17:33
394,goldkernel24,goldkernel24@example.com,2025-10-11 16:02:37
395,warmcanyon16,warmcanyon16@hackstack.io,2025-07-28 16:00:23
396,forestuplink60,forestuplink60@seeded.app,2025-10-31 19:21:03
397,younganchor90,younganchor90@hackstack.io,2025-01-27 09:00:57
398,ivoryanchor40,ivoryanchor40@opswise.net,2024-01-31 08:25:04
399,emberuplink22,emberuplink22@seeded.app,2024-04-04 03:50:31
400,jademeadow84,jademeadow84@relay.cloud,2024-04-23 17:01:29
